Activity ID,Activity Date,Activity Name,Activity Type,Elapsed Time,Distance,Elapsed Time.1,Moving Time,Distance.1,Average Speed,Average Elapsed Speed
5475941262,"Jun 14, 2021, 10:09:00 PM",Afternoon Run,Run,1252,4.18,1252,1252,4184.3,3.342,0.0
5493047424,"Jun 17, 2021, 10:08:00 PM",Afternoon Run,Run,2760,8.04,2760,2760,8046.7,2.915,0.0
5559775882,"Jul 1, 2021, 3:10:00 PM",Morning Run,Run,1620,4.82,1620,1620,4828.0,2.98,0.0
5584912840,"Jul 6, 2021, 3:51:25 PM",Morning Run,Run,2516,7.72,2516,2516,7724.9,3.07,0.0
5590027294,"Jul 7, 2021, 3:16:41 PM",Morning Run,Run,2077,5.25,2077,2070,5258.7,2.54,0.0
5612654783,"Jul 9, 2021, 3:20:00 PM",Morning Run,Run,2133,5.15,2133,2133,5149.9,2.414,2.414
5623071197,"Jul 13, 2021, 8:46:51 PM",Afternoon Run,Run,1920,6.59,1920,1920,6598.3,3.437,3.437
5633329196,"Jul 14, 2021, 3:10:00 PM",Morning Run,Run,3180,9.65,3180,3180,9656.1,3.037,3.037
5648199230,"Jul 16, 2021, 3:16:00 PM",Morning Run,Run,2640,4.5,2640,2640,4506.2,1.707,1.707
5740719221,"Aug 4, 2021, 3:15:10 PM",Morning Run,Run,3960,11.26,3960,3960,11265.4,2.845,2.845
5764756259,"Aug 9, 2021, 3:04:00 PM",Morning Run,Run,3060,9.65,3060,3060,9656.1,3.156,3.156
5782817966,"Aug 11, 2021, 3:22:00 PM",Morning Run,Run,2520,8.69,2520,2520,8690.5,3.449,3.449
5802600426,"Aug 16, 2021, 3:20:48 PM",Morning Run,Run,3134,9.17,3134,3134,9173.3,2.927,2.927
5808042469,"Aug 17, 2021, 3:49:35 PM",Morning Run,Run,2965,9.33,2965,2965,9334.2,3.148,3.148
5813914816,"Aug 18, 2021, 3:30:00 PM",Morning Run,Run,1860,7.4,1860,1860,7403.0,3.98,3.98
5819213263,"Aug 19, 2021, 4:00:11 PM",Morning Run,Run,3900,10.94,3900,3900,10943.6,2.806,2.806
5826551442,"Aug 20, 2021, 8:50:40 PM",Afternoon Run,Run,189,0.54,189,182,547.8,3.01,2.898
5848231215,"Aug 24, 2021, 10:37:00 PM",Afternoon Run,Run,2640,8.2,2640,2640,8207.7,3.109,3.109
6546128671,"Jan 18, 2022, 11:52:44 PM",Afternoon Run,Run,2235,7.07,2235,2208,7077.4,3.205,3.167
7331483010,"Jun 18, 2022, 9:35:00 PM",Afternoon Run,Run,2593,7.88,2593,2593,7885.8,3.041,3.041
7348057587,"Jun 21, 2022, 8:20:00 PM",Afternoon Run,Run,1500,4.82,1500,1500,4828.0,3.219,3.219
7368323832,"Jun 25, 2022, 8:00:31 PM",Afternoon Run,Run,3060,10.3,3060,3060,10299.8,3.366,3.366
7378866554,"Jun 27, 2022, 7:01:00 PM",Lunch Run,Run,2346,8.2,2346,2346,8207.7,3.499,3.499
7421499668,"Jul 5, 2022, 8:50:45 PM",Afternoon Run,Run,2470,8.85,2470,2470,8851.4,3.584,3.584
7436410600,"Jul 6, 2022, 11:12:00 PM",Afternoon Run,Run,1470,5.63,1470,1470,5632.7,3.832,3.832
7452791981,"Jul 10, 2022, 7:05:00 PM",Lunch Run,Run,1894,6.76,1894,1894,6759.3,3.569,3.569
7460834726,"Jul 12, 2022, 12:03:00 AM",Afternoon Run,Run,2885,10.13,2885,2885,10138.9,3.514,3.514
7469735899,"Jul 14, 2022, 3:27:00 PM",Morning Run,Run,2970,10.13,2970,2970,10138.9,3.414,3.414
7492506186,"Jul 18, 2022, 3:25:00 PM",Night Run,Run,2974,10.13,2974,2974,10138.9,3.409,3.409
7494774633,"Jul 19, 2022, 3:21:17 PM",Morning Run,Run,1946,6.72,1946,1904,6722.0,3.53,3.454
7538848268,"Jul 27, 2022, 6:07:45 PM",Lunch Run,Run,1488,4.93,1488,1488,4937.5,3.318,3.318
7538852165,"Jul 26, 2022, 11:26:38 PM",Afternoon Run,Run,1409,3.57,1409,1146,3575.8,3.12,2.538
7539174453,"Jul 26, 2022, 5:24:00 PM",Morning Run,Run,2220,7.4,2220,2220,7403.0,3.335,3.335
7539234819,"Jul 27, 2022, 3:36:00 PM",Morning Run,Run,903,3.05,903,903,3057.8,3.386,3.386
7539237906,"Jul 27, 2022, 3:50:00 PM",Morning Run,Run,819,3.38,819,819,3379.6,4.127,4.127
7571097750,"Aug 2, 2022, 3:22:00 PM",Morning Run,Run,2835,10.13,2835,2835,10138.9,3.576,3.576
7583268687,"Aug 3, 2022, 3:21:59 PM",Morning Run,Run,2204,7.08,2204,2204,7081.1,3.213,3.213
7595403525,"Aug 6, 2022, 3:07:00 PM",Morning Run,Run,3678,12.87,3678,3678,12874.8,3.5,3.5
7604051433,"Aug 8, 2022, 3:20:38 PM",Morning Run,Run,3239,10.21,3239,2792,10217.0,3.659,3.154
7617697324,"Aug 10, 2022, 3:15:00 PM",Morning Run,Run,871,2.89,871,871,2896.8,3.326,3.326
7617698958,"Aug 10, 2022, 3:53:00 PM",Morning Run,Run,1200,5.03,1200,1200,5029.2,4.191,4.191
7617702326,"Aug 10, 2022, 3:16:00 PM",Morning Run,Run,530,1.61,530,530,1609.3,3.037,3.037
7627532559,"Aug 11, 2022, 5:41:12 PM",Morning Run,Run,3549,11.61,3549,3429,11612.9,3.387,3.272
7651719636,"Aug 15, 2022, 3:31:00 PM",Morning Run,Run,906,3.21,906,906,3218.7,3.553,3.553
7651721503,"Aug 16, 2022, 3:52:00 AM",Evening Run,Run,2052,6.43,2052,2052,6437.4,3.137,3.137
7651723167,"Aug 17, 2022, 6:05:44 AM",Night Run,Run,2850,9.65,2850,2850,9656.1,3.388,3.388
7660500691,"Aug 17, 2022, 3:31:00 PM",Morning Run,Run,2923,10.13,2923,2923,10138.9,3.469,3.469
7660509044,"Aug 18, 2022, 3:33:00 PM",Morning Run,Run,816,2.72,816,816,2724.5,3.339,3.339
7660511793,"Aug 18, 2022, 3:38:00 PM",Morning Run,Run,1021,4.34,1021,1021,4345.2,4.256,4.256
7660520563,"Aug 18, 2022, 4:34:00 PM",Morning Run,Run,901,2.73,901,901,2735.9,3.037,3.037
7671280279,"Aug 19, 2022, 3:12:00 PM",Morning Run,Run,1248,4.18,1248,1248,4184.3,3.353,3.353
7671525728,"Aug 20, 2022, 3:13:00 PM",Morning Run,Run,3696,12.87,3696,3696,12874.7,3.483,3.483
7954814816,"Oct 11, 2022, 1:42:05 PM",Lunch Run,Run,17321,4.82,17321,1465,4819.7,3.29,0.278
9242656299,"Jun 10, 2023, 4:40:53 PM",Morning Run,Run,2607,8.85,2607,2607,8851.4,3.395,3.395
9261822528,"Jun 14, 2023, 3:35:37 AM",Evening Run,Run,1486,4.87,1486,1466,4878.0,3.327,3.283
9274472250,"Jun 15, 2023, 7:41:00 PM",Lunch Run,Run,2162,8.09,2162,2162,8091.6,3.743,3.743
9299174501,"Jun 20, 2023, 5:50:09 AM",Night Run,Run,2700,9.65,2700,2700,9656.1,3.576,3.576
9305077416,"Jun 21, 2023, 3:06:55 AM",Evening Run,Run,2170,7.4,2170,2170,7403.0,3.412,3.412
9308873819,"Jun 21, 2023, 4:58:56 PM",Morning Run,Run,2144,7.4,2144,2144,7403.0,3.453,3.453
9339275258,"Jun 26, 2023, 3:04:00 PM",Morning Run,Run,2040,6.43,2040,2040,6437.4,3.156,3.156
9341544977,"Jun 23, 2023, 3:13:17 PM",Morning Run,Run,1570,5.09,1570,1542,5090.9,3.302,3.243
9378194928,"Jul 3, 2023, 3:07:02 AM",Evening Run,Run,2549,8.69,2549,2549,8690.5,3.409,3.409
9378195402,"Jul 3, 2023, 3:18:28 AM",Evening Run,Run,1880,6.43,1880,1880,6437.4,3.424,3.424
14376825413,"May 4, 2025, 3:22:23 PM",Warmup,Run,713,2.26,713,710,2260.0,3.183,3.17
14377819084,"May 4, 2025, 4:04:36 PM",Morning Run,Run,3796,12.63,3796,3647,12630.8,3.463,3.327
14430401744,"May 10, 2025, 12:05:17 AM",Afternoon Run,Run,1862,6.65,1862,1831,6654.8,3.635,3.574
14493185981,"May 15, 2025, 9:53:01 PM",Afternoon Run,Run,2286,7.35,2286,2262,7352.8,3.251,3.216
15525909526,"Aug 20, 2025, 3:20:21 PM",Morning Run,Run,1674,5.49,1674,1612,5496.0,3.409,3.283
16725227223,"Dec 12, 2025, 8:34:49 PM",Afternoon Run,Run,3072,10.77,3072,3047,10773.0,3.536,3.507
16735834193,"Dec 14, 2025, 12:25:28 AM",Afternoon Run,Run,1548,4.89,1548,1548,4896.8,3.163,3.163
16760602535,"Dec 16, 2025, 6:19:00 PM",Morning Run,Run,2345,7.64,2345,2339,7646.4,3.269,3.261
16769325564,"Dec 17, 2025, 4:36:21 PM",Morning Run,Run,2761,9.52,2761,2707,9520.8,3.517,3.448
16905599808,"Jan 1, 2026, 5:54:20 PM",Morning Run,Run,2133,7.19,2133,2122,7198.1,3.392,3.375
16973418174,"Jan 7, 2026, 10:26:47 PM",Afternoon Run,Run,1999,6.63,1999,1983,6638.8,3.348,3.321
17026122841,"Jan 12, 2026, 6:23:37 PM",Lunch Run,Run,3472,11.53,3472,3465,11531.5,3.328,3.321
17038242830,"Jan 13, 2026, 6:50:28 PM",Lunch Run,Run,1771,5.66,1771,1758,5668.4,3.224,3.201
17061121214,"Jan 15, 2026, 5:33:55 PM",Morning Run,Run,2711,9.68,2711,2688,9679.1,3.601,3.57
17074420053,"Jan 16, 2026, 10:13:53 PM",Afternoon Run,Run,2211,6.79,2211,2187,6792.1,3.106,3.072
17098905945,"Jan 18, 2026, 11:30:57 PM",Afternoon Run,Run,1693,5.59,1693,1665,5591.6,3.358,3.303
17118354145,"Jan 20, 2026, 5:39:13 PM",Morning Run,Run,2405,9.15,2405,2392,9155.8,3.828,3.807
17132731030,"Jan 21, 2026, 9:36:09 PM",Afternoon Run,Run,3562,11.07,3562,3509,11074.2,3.156,3.109
17141811847,"Jan 22, 2026, 6:03:22 PM",Morning Run,Run,2434,8.21,2434,2359,8214.8,3.482,3.375
17165685292,"Jan 24, 2026, 9:04:16 PM",Afternoon Run,Run,4348,12.98,4348,4288,12985.2,3.028,2.986
17196956532,"Jan 27, 2026, 6:31:08 PM",Morning Run,Run,1691,5.55,1691,1677,5552.1,3.311,3.283
17212220650,"Jan 29, 2026, 12:57:15 AM",Afternoon Run,Run,2337,7.58,2337,2320,7579.6,3.267,3.243
17219009315,"Jan 29, 2026, 5:17:53 PM",Morning Run,Run,1642,5.47,1642,1629,5470.2,3.358,3.331
17242703034,"Jan 31, 2026, 7:58:17 PM",Lunch Run,Run,4798,14.19,4798,4755,14197.9,2.986,2.959
17275033911,"Feb 3, 2026, 6:23:37 PM",Morning Run,Run,1604,5.12,1604,1601,5126.5,3.202,3.196
17290200057,"Feb 5, 2026, 12:12:22 AM",Afternoon Run,Run,754,2.31,754,751,2309.8,3.076,3.063
17290384528,"Feb 5, 2026, 12:30:28 AM",Afternoon Run,Run,1091,4.65,1091,1091,4649.5,4.262,4.262
17290466733,"Feb 5, 2026, 12:50:45 AM",Afternoon Run,Run,574,1.53,574,553,1534.9,2.776,2.674
17298697083,"Feb 5, 2026, 7:07:20 PM",Lunch Run,Run,1333,5.12,1333,1333,5127.6,3.847,3.847
17323684868,"Feb 8, 2026, 1:43:37 AM",Afternoon Run,Run,3424,9.94,3424,3424,9939.5,2.903,2.903
17343884184,"Feb 9, 2026, 9:06:09 PM",Afternoon Run,Run,1625,5.49,1625,1618,5493.4,3.395,3.381
17353646100,"Feb 10, 2026, 5:58:29 PM",Morning Run,Run,1575,5.78,1575,1570,5781.2,3.682,3.671
